{"cameraMode":{"drawMode":0,"name":"Shaded","section":"Shading Mode"},"sceneLighting":false,"audioPlay":false,"sceneViewState":{"m_AlwaysRefresh":false,"showFog":true,"showSkybox":false,"showFlares":true,"showImageEffects":true,"showParticleSystems":true,"showVisualEffectGraphs":true,"m_FxEnabled":true},"in2DMode":false,"pivot":{"x":-0.04731377959251404,"y":0.5540000200271606,"z":0.11562835425138474},"rotation":{"x":0.213593989610672,"y":-0.14820098876953126,"z":0.03281708061695099,"w":0.965092122554779},"size":0.7411350011825562,"orthographic":false}