{"cameraMode":{"drawMode":0,"name":"Shaded","section":"Shading Mode"},"sceneLighting":false,"audioPlay":false,"sceneViewState":{"m_AlwaysRefresh":false,"showFog":true,"showSkybox":false,"showFlares":true,"showImageEffects":true,"showParticleSystems":true,"showVisualEffectGraphs":true,"m_FxEnabled":true},"in2DMode":false,"pivot":{"x":0.0017256736755371094,"y":0.8421788215637207,"z":-0.12330830097198487},"rotation":{"x":-0.43023818731307986,"y":-0.5657321810722351,"z":0.45033589005470278,"w":-0.5404847264289856},"size":1.8798948526382447,"orthographic":false}